env_type;sex_type;init_p_sex;grid_size;patches;p_e_change;e_step;min_env;max_env;m;rho;dims;sigma_e;microsites;d;r;demogr_cost;traits;trait_loci;sex_loci;sigma_z;mu;mu_sex;omega_e;run;time;patch;N;p_sex_mean;p_sex_var;fitness_mean;fitness_var;abs_fitness_mean;load_mean;load_var;S_mean;S_var;residence_distinct;residence_div;distinct_pop;div_pop;dim_tr1;e_dim_tr1;genotype_mean_tr1;genotype_var_tr1;phenotype_mean_tr1;phenotype_var_tr1;fitness_mean_tr1;fitness_var_tr1;genotype_meta_var_tr1;phenotype_meta_var_tr1;dim_tr2;e_dim_tr2;genotype_mean_tr2;genotype_var_tr2;phenotype_mean_tr2;phenotype_var_tr2;fitness_mean_tr2;fitness_var_tr2;genotype_meta_var_tr2;phenotype_meta_var_tr2
REGIONAL;SWITCH;0.000000;2;4;0.100000;0.010000;0.200000;0.800000;0.010000;1.000000;1;0.000000;600;0.050000;5.000000;0.500000;2;20;10;0.010000;0.000100;0.000010;0.020000;1;0;1;600;0.000000;0.000000;0.057772;0.028795;0.057443;0.942228;0.028795;0.032883;0.000000;1.000000;1.000000;1.000000;1.000000;1;0.606909;0.613333;0.012306;0.613190;0.012439;0.234425;0.119053;0.011348;0.011492;1;0.606909;0.605000;0.013233;0.604966;0.013175;0.260093;0.130674;0.012193;0.012220
REGIONAL;SWITCH;0.000000;2;4;0.100000;0.010000;0.200000;0.800000;0.010000;1.000000;1;0.000000;600;0.050000;5.000000;0.500000;2;20;10;0.010000;0.000100;0.000010;0.020000;1;0;2;600;0.000000;0.000000;0.071165;0.031095;0.070361;0.928835;0.031095;0.017222;0.000000;1.000000;1.000000;1.000000;1.000000;1;0.606909;0.605417;0.010791;0.605215;0.010982;0.279833;0.132100;0.011348;0.011492;1;0.606909;0.604833;0.012252;0.604227;0.012200;0.250976;0.120863;0.012193;0.012220
REGIONAL;SWITCH;0.000000;2;4;0.100000;0.010000;0.200000;0.800000;0.010000;1.000000;1;0.000000;600;0.050000;5.000000;0.500000;2;20;10;0.010000;0.000100;0.000010;0.020000;1;0;3;600;0.000000;0.000000;0.062362;0.031190;0.061909;0.937638;0.031190;0.026593;0.000000;1.000000;1.000000;1.000000;1.000000;1;0.606909;0.603833;0.011610;0.603961;0.011623;0.257548;0.126189;0.011348;0.011492;1;0.606909;0.608500;0.010253;0.608899;0.010410;0.265859;0.129611;0.012193;0.012220
REGIONAL;SWITCH;0.000000;2;4;0.100000;0.010000;0.200000;0.800000;0.010000;1.000000;1;0.000000;600;0.050000;5.000000;0.500000;2;20;10;0.010000;0.000100;0.000010;0.020000;1;0;4;600;0.000000;0.000000;0.058423;0.028380;0.056801;0.941577;0.028380;0.034973;0.000003;1.000000;1.000000;1.000000;1.000000;1;0.606909;0.605333;0.010630;0.605206;0.010871;0.265474;0.130758;0.011348;0.011492;1;0.606909;0.608750;0.013019;0.609188;0.013073;0.230218;0.116399;0.012193;0.012220
REGIONAL;SWITCH;0.000000;2;4;0.100000;0.010000;0.200000;0.800000;0.010000;1.000000;1;0.000000;600;0.050000;5.000000;0.500000;2;20;10;0.010000;0.000100;0.000010;0.020000;1;1;1;216;0.000000;0.000000;0.511548;0.107545;0.511453;0.488452;0.107545;0.160658;0.000070;1.000000;1.000000;1.000000;1.000000;1;0.606909;0.611343;0.000438;0.612571;0.000504;0.792394;0.070884;0.000928;0.000961;1;0.606909;0.608102;0.001034;0.609324;0.001042;0.651293;0.114016;0.000801;0.000876
REGIONAL;SWITCH;0.000000;2;4;0.100000;0.010000;0.200000;0.800000;0.010000;1.000000;1;0.000000;600;0.050000;5.000000;0.500000;2;20;10;0.010000;0.000100;0.000010;0.020000;1;1;2;246;0.000000;0.000000;0.457319;0.109081;0.454063;0.542681;0.109081;0.052708;0.000001;1.000000;1.000000;2.000000;1.049969;1;0.606909;0.606301;0.001068;0.605726;0.001157;0.638125;0.115635;0.000928;0.000961;1;0.606909;0.606707;0.000758;0.606996;0.000847;0.717056;0.104614;0.000801;0.000876
REGIONAL;SWITCH;0.000000;2;4;0.100000;0.010000;0.200000;0.800000;0.010000;1.000000;1;0.000000;600;0.050000;5.000000;0.500000;2;20;10;0.010000;0.000100;0.000010;0.020000;1;1;3;228;0.000000;0.000000;0.512750;0.128596;0.512588;0.487250;0.128596;0.074491;0.000009;1.000000;1.000000;2.000000;1.035703;1;0.606909;0.607895;0.001253;0.608190;0.001210;0.673254;0.117419;0.000928;0.000961;1;0.606909;0.603728;0.000655;0.604120;0.000717;0.759474;0.097070;0.000801;0.000876
REGIONAL;SWITCH;0.000000;2;4;0.100000;0.010000;0.200000;0.800000;0.010000;1.000000;1;0.000000;600;0.050000;5.000000;0.500000;2;20;10;0.010000;0.000100;0.000010;0.020000;1;1;4;234;0.000000;0.000000;0.487417;0.113897;0.484704;0.512583;0.113897;0.035372;0.000001;1.000000;1.000000;1.000000;1.000000;1;0.606909;0.609615;0.000901;0.609353;0.000909;0.685555;0.106169;0.000928;0.000961;1;0.606909;0.605128;0.000764;0.605289;0.000893;0.715150;0.108816;0.000801;0.000876
REGIONAL;SWITCH;0.000000;2;4;0.100000;0.010000;0.200000;0.800000;0.010000;1.000000;1;0.000000;600;0.050000;5.000000;0.500000;2;20;10;0.010000;0.000100;0.000010;0.020000;1;1000;1;600;0.000000;0.000000;0.889895;0.008842;0.889819;0.110105;0.008842;0.043595;0.000000;1.000000;1.000000;62.000000;17.860687;1;0.546909;0.550000;0.000000;0.551832;0.000073;0.943664;0.004884;0.000000;0.000072;1;0.546909;0.550000;0.000000;0.552072;0.000072;0.943037;0.005168;0.000000;0.000070
REGIONAL;SWITCH;0.000000;2;4;0.100000;0.010000;0.200000;0.800000;0.010000;1.000000;1;0.000000;600;0.050000;5.000000;0.500000;2;20;10;0.010000;0.000100;0.000010;0.020000;1;1000;2;600;0.000000;0.000000;0.899087;0.007602;0.899071;0.100913;0.007602;0.039393;0.000000;1.000000;1.000000;64.000000;25.273799;1;0.546909;0.550000;0.000000;0.551049;0.000070;0.949103;0.003838;0.000000;0.000072;1;0.546909;0.550000;0.000000;0.552031;0.000065;0.947099;0.004321;0.000000;0.000070
REGIONAL;SWITCH;0.000000;2;4;0.100000;0.010000;0.200000;0.800000;0.010000;1.000000;1;0.000000;600;0.050000;5.000000;0.500000;2;20;10;0.010000;0.000100;0.000010;0.020000;1;1000;3;600;0.000000;0.000000;0.892905;0.009050;0.892687;0.107095;0.009050;0.040784;0.000000;1.000000;1.000000;71.000000;15.420200;1;0.546909;0.550000;0.000000;0.551768;0.000072;0.944703;0.004983;0.000000;0.000072;1;0.546909;0.550000;0.000000;0.551692;0.000073;0.944543;0.004467;0.000000;0.000070
REGIONAL;SWITCH;0.000000;2;4;0.100000;0.010000;0.200000;0.800000;0.010000;1.000000;1;0.000000;600;0.050000;5.000000;0.500000;2;20;10;0.010000;0.000100;0.000010;0.020000;1;1000;4;600;0.000000;0.000000;0.892523;0.008169;0.892408;0.107477;0.008169;0.045126;0.000000;1.000000;1.000000;68.000000;15.209125;1;0.546909;0.550000;0.000000;0.552358;0.000070;0.942915;0.005065;0.000000;0.000072;1;0.546909;0.550000;0.000000;0.551826;0.000068;0.946330;0.003911;0.000000;0.000070
REGIONAL;SWITCH;0.000000;2;4;0.100000;0.010000;0.200000;0.800000;0.010000;1.000000;1;0.000000;600;0.050000;5.000000;0.500000;2;20;10;0.010000;0.000100;0.000010;0.020000;1;2000;1;600;0.000000;0.000000;0.891699;0.011155;0.891589;0.108301;0.011155;0.046522;0.000000;1.000000;1.000000;67.000000;16.491067;1;0.506909;0.500083;0.000004;0.503569;0.000085;0.946217;0.006016;0.000003;0.000089;1;0.506909;0.500000;0.000000;0.503050;0.000087;0.942168;0.006234;0.000001;0.000087
REGIONAL;SWITCH;0.000000;2;4;0.100000;0.010000;0.200000;0.800000;0.010000;1.000000;1;0.000000;600;0.050000;5.000000;0.500000;2;20;10;0.010000;0.000100;0.000010;0.020000;1;2000;2;600;0.000000;0.000000;0.886359;0.011678;0.886213;0.113641;0.011678;0.045401;0.000000;1.000000;1.000000;49.000000;5.378593;1;0.506909;0.500000;0.000000;0.502657;0.000090;0.938744;0.006190;0.000003;0.000089;1;0.506909;0.500083;0.000004;0.503721;0.000091;0.943804;0.006551;0.000001;0.000087
REGIONAL;SWITCH;0.000000;2;4;0.100000;0.010000;0.200000;0.800000;0.010000;1.000000;1;0.000000;600;0.050000;5.000000;0.500000;2;20;10;0.010000;0.000100;0.000010;0.020000;1;2000;3;600;0.000000;0.000000;0.884813;0.011746;0.884749;0.115187;0.011746;0.049772;0.000000;1.000000;1.000000;61.000000;11.703511;1;0.506909;0.500083;0.000004;0.502851;0.000099;0.935715;0.008083;0.000003;0.000089;1;0.506909;0.500000;0.000000;0.503416;0.000083;0.945362;0.004785;0.000001;0.000087
REGIONAL;SWITCH;0.000000;2;4;0.100000;0.010000;0.200000;0.800000;0.010000;1.000000;1;0.000000;600;0.050000;5.000000;0.500000;2;20;10;0.010000;0.000100;0.000010;0.020000;1;2000;4;600;0.000000;0.000000;0.893829;0.009925;0.893618;0.106171;0.009925;0.044239;0.000000;1.000000;1.000000;56.000000;10.437203;1;0.506909;0.500083;0.000004;0.503797;0.000081;0.948164;0.005120;0.000003;0.000089;1;0.506909;0.500000;0.000000;0.503021;0.000086;0.941990;0.005439;0.000001;0.000087
REGIONAL;SWITCH;0.000000;2;4;0.100000;0.010000;0.200000;0.800000;0.010000;1.000000;1;0.000000;600;0.050000;5.000000;0.500000;2;20;10;0.010000;0.000100;0.000010;0.020000;1;3000;1;600;0.000000;0.000000;0.892720;0.009998;0.892705;0.107280;0.009998;0.049837;0.000000;1.000000;1.000000;64.000000;8.038585;1;0.446909;0.450083;0.000004;0.452117;0.000071;0.943085;0.004613;0.000001;0.000075;1;0.446909;0.450167;0.000008;0.451224;0.000078;0.946294;0.006164;0.000002;0.000073
REGIONAL;SWITCH;0.000000;2;4;0.100000;0.010000;0.200000;0.800000;0.010000;1.000000;1;0.000000;600;0.050000;5.000000;0.500000;2;20;10;0.010000;0.000100;0.000010;0.020000;1;3000;2;600;0.000000;0.000000;0.886496;0.009058;0.885983;0.113504;0.009058;0.042022;0.000000;1.000000;1.000000;61.000000;3.293205;1;0.446909;0.450000;0.000000;0.452138;0.000076;0.940498;0.005393;0.000001;0.000075;1;0.446909;0.450000;0.000000;0.452010;0.000074;0.942139;0.004944;0.000002;0.000073
REGIONAL;SWITCH;0.000000;2;4;0.100000;0.010000;0.200000;0.800000;0.010000;1.000000;1;0.000000;600;0.050000;5.000000;0.500000;2;20;10;0.010000;0.000100;0.000010;0.020000;1;3000;3;600;0.000000;0.000000;0.888538;0.008850;0.888529;0.111462;0.008850;0.042625;0.000000;1.000000;1.000000;62.000000;11.542901;1;0.446909;0.450000;0.000000;0.452037;0.000073;0.943135;0.005556;0.000001;0.000075;1;0.446909;0.450000;0.000000;0.452230;0.000071;0.942320;0.004721;0.000002;0.000073
REGIONAL;SWITCH;0.000000;2;4;0.100000;0.010000;0.200000;0.800000;0.010000;1.000000;1;0.000000;600;0.050000;5.000000;0.500000;2;20;10;0.010000;0.000100;0.000010;0.020000;1;3000;4;600;0.000000;0.000000;0.890376;0.008458;0.890185;0.109624;0.008458;0.034628;0.000000;1.000000;1.000000;61.000000;7.159620;1;0.446909;0.450000;0.000000;0.451803;0.000079;0.941242;0.005404;0.000001;0.000075;1;0.446909;0.450000;0.000000;0.451732;0.000070;0.945931;0.004205;0.000002;0.000073
REGIONAL;SWITCH;0.000000;2;4;0.100000;0.010000;0.200000;0.800000;0.010000;1.000000;1;0.000000;600;0.050000;5.000000;0.500000;2;20;10;0.010000;0.000100;0.000010;0.020000;1;4000;1;600;0.000000;0.000000;0.639941;0.043776;0.639771;0.360059;0.043776;0.042543;0.000001;1.000000;1.000000;27.000000;4.311067;1;0.366909;0.361583;0.000453;0.362084;0.000436;0.780598;0.034946;0.000364;0.000369;1;0.366909;0.353583;0.000183;0.355896;0.000249;0.816780;0.029189;0.000286;0.000330
REGIONAL;SWITCH;0.000000;2;4;0.100000;0.010000;0.200000;0.800000;0.010000;1.000000;1;0.000000;600;0.050000;5.000000;0.500000;2;20;10;0.010000;0.000100;0.000010;0.020000;1;4000;2;600;0.000000;0.000000;0.715553;0.038290;0.714731;0.284447;0.038290;0.081879;0.000001;1.000000;1.000000;35.000000;8.699014;1;0.366909;0.351417;0.000069;0.354877;0.000152;0.847641;0.022317;0.000364;0.000369;1;0.366909;0.351583;0.000085;0.354861;0.000176;0.840532;0.027363;0.000286;0.000330
REGIONAL;SWITCH;0.000000;2;4;0.100000;0.010000;0.200000;0.800000;0.010000;1.000000;1;0.000000;600;0.050000;5.000000;0.500000;2;20;10;0.010000;0.000100;0.000010;0.020000;1;4000;3;600;0.000000;0.000000;0.660610;0.045632;0.660062;0.339390;0.045632;0.046780;0.000002;1.000000;1.000000;22.000000;5.235298;1;0.366909;0.360750;0.000422;0.361924;0.000423;0.786857;0.036835;0.000364;0.000369;1;0.366909;0.353500;0.000163;0.356617;0.000222;0.834355;0.025326;0.000286;0.000330
REGIONAL;SWITCH;0.000000;2;4;0.100000;0.010000;0.200000;0.800000;0.010000;1.000000;1;0.000000;600;0.050000;5.000000;0.500000;2;20;10;0.010000;0.000100;0.000010;0.020000;1;4000;4;600;0.000000;0.000000;0.594240;0.056416;0.593670;0.405760;0.056416;0.156547;0.000006;1.000000;1.000000;25.000000;4.851229;1;0.366909;0.361333;0.000438;0.362575;0.000424;0.785371;0.034540;0.000364;0.000369;1;0.366909;0.366833;0.000567;0.367722;0.000565;0.745453;0.046807;0.000286;0.000330
REGIONAL;SWITCH;0.000000;2;4;0.100000;0.010000;0.200000;0.800000;0.010000;1.000000;1;0.000000;600;0.050000;5.000000;0.500000;2;20;10;0.010000;0.000100;0.000010;0.020000;1;5000;1;462;0.000000;0.000000;0.195481;0.028429;0.189224;0.804519;0.028429;0.471160;0.000000;1.000000;1.000000;16.000000;6.237770;1;0.446909;0.417857;0.000574;0.418057;0.000616;0.526335;0.112320;0.000624;0.000664;1;0.446909;0.406277;0.000274;0.407384;0.000337;0.379632;0.067438;0.000627;0.000691
REGIONAL;SWITCH;0.000000;2;4;0.100000;0.010000;0.200000;0.800000;0.010000;1.000000;1;0.000000;600;0.050000;5.000000;0.500000;2;20;10;0.010000;0.000100;0.000010;0.020000;1;5000;2;600;0.000000;0.000000;0.275068;0.033392;0.264276;0.724932;0.033392;0.216336;0.000000;1.000000;1.000000;19.000000;3.152530;1;0.446909;0.417750;0.000572;0.418757;0.000631;0.528804;0.110245;0.000624;0.000664;1;0.446909;0.425417;0.000633;0.426256;0.000703;0.620858;0.116491;0.000627;0.000691
REGIONAL;SWITCH;0.000000;2;4;0.100000;0.010000;0.200000;0.800000;0.010000;1.000000;1;0.000000;600;0.050000;5.000000;0.500000;2;20;10;0.010000;0.000100;0.000010;0.020000;1;5000;3;600;0.001667;0.001664;0.797752;0.056148;0.797556;0.202248;0.056148;0.152608;0.000001;1.000000;1.000000;6.000000;1.265360;1;0.446909;0.444750;0.000235;0.445179;0.000251;0.891416;0.035427;0.000624;0.000664;1;0.446909;0.445583;0.000201;0.446329;0.000248;0.891121;0.033427;0.000627;0.000691
REGIONAL;SWITCH;0.000000;2;4;0.100000;0.010000;0.200000;0.800000;0.010000;1.000000;1;0.000000;600;0.050000;5.000000;0.500000;2;20;10;0.010000;0.000100;0.000010;0.020000;1;5000;4;600;0.000000;0.000000;0.245261;0.057307;0.244451;0.754739;0.057307;0.557268;0.000000;1.000000;1.000000;16.000000;5.438559;1;0.446909;0.411500;0.000451;0.413762;0.000539;0.459410;0.089958;0.000624;0.000664;1;0.446909;0.419917;0.000599;0.420190;0.000679;0.546611;0.119344;0.000627;0.000691
REGIONAL;SWITCH;0.000000;2;4;0.100000;0.010000;0.200000;0.800000;0.010000;1.000000;1;0.000000;600;0.050000;5.000000;0.500000;2;20;10;0.010000;0.000100;0.000010;0.020000;1;6000;1;600;0.000000;0.000000;0.904882;0.007775;0.904446;0.095118;0.007775;0.005995;0.000000;1.000000;1.000000;42.000000;10.791367;1;0.346909;0.349833;0.000008;0.347386;0.000087;0.949859;0.004511;0.000030;0.000099;1;0.346909;0.349833;0.000008;0.346949;0.000083;0.952116;0.004017;0.000027;0.000096
REGIONAL;SWITCH;0.000000;2;4;0.100000;0.010000;0.200000;0.800000;0.010000;1.000000;1;0.000000;600;0.050000;5.000000;0.500000;2;20;10;0.010000;0.000100;0.000010;0.020000;1;6000;2;600;0.000000;0.000000;0.890440;0.016667;0.890256;0.109560;0.016667;0.024544;0.000000;1.000000;1.000000;49.000000;7.402229;1;0.346909;0.349000;0.000049;0.346346;0.000113;0.942071;0.010587;0.000030;0.000099;1;0.346909;0.349833;0.000017;0.347300;0.000101;0.944682;0.007945;0.000027;0.000096
REGIONAL;SWITCH;0.000000;2;4;0.100000;0.010000;0.200000;0.800000;0.010000;1.000000;1;0.000000;600;0.050000;5.000000;0.500000;2;20;10;0.010000;0.000100;0.000010;0.020000;1;6000;3;600;0.000000;0.000000;0.905679;0.009658;0.905452;0.094321;0.009658;0.010101;0.000000;1.000000;1.000000;28.000000;1.705741;1;0.346909;0.349667;0.000017;0.346814;0.000091;0.949971;0.006089;0.000030;0.000099;1;0.346909;0.349917;0.000004;0.347406;0.000081;0.952944;0.004079;0.000027;0.000096
REGIONAL;SWITCH;0.000000;2;4;0.100000;0.010000;0.200000;0.800000;0.010000;1.000000;1;0.000000;600;0.050000;5.000000;0.500000;2;20;10;0.010000;0.000100;0.000010;0.020000;1;6000;4;600;0.000000;0.000000;0.886804;0.017192;0.886712;0.113196;0.017192;0.023571;0.000000;1.000000;1.000000;33.000000;6.423295;1;0.346909;0.349083;0.000045;0.347241;0.000104;0.944218;0.007481;0.000030;0.000099;1;0.346909;0.348417;0.000077;0.346661;0.000118;0.938702;0.011376;0.000027;0.000096
REGIONAL;SWITCH;0.000000;2;4;0.100000;0.010000;0.200000;0.800000;0.010000;1.000000;1;0.000000;600;0.050000;5.000000;0.500000;2;20;10;0.010000;0.000100;0.000010;0.020000;1;7000;1;600;0.000000;0.000000;0.817861;0.023061;0.817067;0.182139;0.023061;0.112155;0.000000;1.000000;1.000000;34.000000;2.117747;1;0.286909;0.299833;0.000008;0.295852;0.000095;0.905981;0.013919;0.000004;0.000101;1;0.286909;0.299917;0.000004;0.296573;0.000089;0.900094;0.011536;0.000004;0.000094
REGIONAL;SWITCH;0.000000;2;4;0.100000;0.010000;0.200000;0.800000;0.010000;1.000000;1;0.000000;600;0.050000;5.000000;0.500000;2;20;10;0.010000;0.000100;0.000010;0.020000;1;7000;2;600;0.000000;0.000000;0.795457;0.024845;0.795335;0.204543;0.024845;0.132186;0.000000;1.000000;1.000000;25.000000;3.143501;1;0.286909;0.300000;0.000000;0.297394;0.000099;0.887884;0.015050;0.000004;0.000101;1;0.286909;0.300000;0.000000;0.297054;0.000092;0.894405;0.013542;0.000004;0.000094
REGIONAL;SWITCH;0.000000;2;4;0.100000;0.010000;0.200000;0.800000;0.010000;1.000000;1;0.000000;600;0.050000;5.000000;0.500000;2;20;10;0.010000;0.000100;0.000010;0.020000;1;7000;3;600;0.000000;0.000000;0.811394;0.023846;0.811235;0.188606;0.023846;0.121085;0.000000;1.000000;1.000000;28.000000;1.900077;1;0.286909;0.300000;0.000000;0.296116;0.000094;0.903030;0.013479;0.000004;0.000101;1;0.286909;0.300000;0.000008;0.296477;0.000104;0.897013;0.013933;0.000004;0.000094
REGIONAL;SWITCH;0.000000;2;4;0.100000;0.010000;0.200000;0.800000;0.010000;1.000000;1;0.000000;600;0.050000;5.000000;0.500000;2;20;10;0.010000;0.000100;0.000010;0.020000;1;7000;4;600;0.000000;0.000000;0.810318;0.026876;0.810041;0.189682;0.026876;0.130949;0.000000;1.000000;1.000000;28.000000;2.440943;1;0.286909;0.300167;0.000008;0.296328;0.000113;0.897555;0.016848;0.000004;0.000101;1;0.286909;0.299917;0.000004;0.296609;0.000091;0.900277;0.013598;0.000004;0.000094
REGIONAL;SWITCH;0.000000;2;4;0.100000;0.010000;0.200000;0.800000;0.010000;1.000000;1;0.000000;600;0.050000;5.000000;0.500000;2;20;10;0.010000;0.000100;0.000010;0.020000;1;8000;1;600;0.000000;0.000000;0.800450;0.025347;0.799876;0.199550;0.025347;0.118374;0.000002;1.000000;1.000000;45.000000;9.218006;1;0.386909;0.400083;0.000004;0.396949;0.000104;0.891561;0.015164;0.000002;0.000098;1;0.386909;0.399333;0.000033;0.396209;0.000109;0.894767;0.014019;0.000016;0.000105
REGIONAL;SWITCH;0.000000;2;4;0.100000;0.010000;0.200000;0.800000;0.010000;1.000000;1;0.000000;600;0.050000;5.000000;0.500000;2;20;10;0.010000;0.000100;0.000010;0.020000;1;8000;2;600;0.000000;0.000000;0.807062;0.022426;0.805498;0.192938;0.022426;0.121032;0.000000;1.000000;1.000000;35.000000;2.530364;1;0.386909;0.400000;0.000000;0.396946;0.000085;0.898292;0.012183;0.000002;0.000098;1;0.386909;0.399917;0.000004;0.396961;0.000093;0.895745;0.013950;0.000016;0.000105
REGIONAL;SWITCH;0.000000;2;4;0.100000;0.010000;0.200000;0.800000;0.010000;1.000000;1;0.000000;600;0.050000;5.000000;0.500000;2;20;10;0.010000;0.000100;0.000010;0.020000;1;8000;3;600;0.000000;0.000000;0.798716;0.024035;0.798108;0.201284;0.024035;0.111564;0.000001;1.000000;1.000000;37.000000;3.261283;1;0.386909;0.400000;0.000000;0.397239;0.000097;0.890503;0.014928;0.000002;0.000098;1;0.386909;0.399667;0.000017;0.396247;0.000106;0.895999;0.013923;0.000016;0.000105
REGIONAL;SWITCH;0.000000;2;4;0.100000;0.010000;0.200000;0.800000;0.010000;1.000000;1;0.000000;600;0.050000;5.000000;0.500000;2;20;10;0.010000;0.000100;0.000010;0.020000;1;8000;4;600;0.000000;0.000000;0.798349;0.026817;0.798312;0.201651;0.026817;0.127266;0.000000;1.000000;1.000000;51.000000;11.586740;1;0.386909;0.400083;0.000004;0.396988;0.000104;0.891221;0.016371;0.000002;0.000098;1;0.386909;0.400000;0.000008;0.396477;0.000111;0.894605;0.015886;0.000016;0.000105
REGIONAL;SWITCH;0.000000;2;4;0.100000;0.010000;0.200000;0.800000;0.010000;1.000000;1;0.000000;600;0.050000;5.000000;0.500000;2;20;10;0.010000;0.000100;0.000010;0.020000;1;9000;1;600;0.000000;0.000000;0.786381;0.022538;0.785623;0.213619;0.022538;0.118494;0.000000;1.000000;1.000000;16.000000;1.100023;1;0.286909;0.299917;0.000004;0.298155;0.000074;0.890692;0.012861;0.000008;0.000081;1;0.286909;0.299833;0.000008;0.298781;0.000080;0.880334;0.013848;0.000013;0.000081
REGIONAL;SWITCH;0.000000;2;4;0.100000;0.010000;0.200000;0.800000;0.010000;1.000000;1;0.000000;600;0.050000;5.000000;0.500000;2;20;10;0.010000;0.000100;0.000010;0.020000;1;9000;2;600;0.000000;0.000000;0.783068;0.019690;0.781036;0.216932;0.019690;0.111809;0.000000;1.000000;1.000000;24.000000;1.758895;1;0.286909;0.300000;0.000000;0.298776;0.000080;0.879522;0.013013;0.000008;0.000081;1;0.286909;0.300000;0.000000;0.298466;0.000071;0.888260;0.012379;0.000013;0.000081
REGIONAL;SWITCH;0.000000;2;4;0.100000;0.010000;0.200000;0.800000;0.010000;1.000000;1;0.000000;600;0.050000;5.000000;0.500000;2;20;10;0.010000;0.000100;0.000010;0.020000;1;9000;3;600;0.000000;0.000000;0.764522;0.022220;0.764237;0.235478;0.022220;0.112938;0.000000;1.000000;1.000000;14.000000;2.270921;1;0.286909;0.299667;0.000017;0.298987;0.000083;0.875687;0.013649;0.000008;0.000081;1;0.286909;0.299833;0.000008;0.299189;0.000086;0.872992;0.015210;0.000013;0.000081
REGIONAL;SWITCH;0.000000;2;4;0.100000;0.010000;0.200000;0.800000;0.010000;1.000000;1;0.000000;600;0.050000;5.000000;0.500000;2;20;10;0.010000;0.000100;0.000010;0.020000;1;9000;4;600;0.000000;0.000000;0.774130;0.019783;0.773698;0.225870;0.019783;0.100486;0.000000;1.000000;1.000000;32.000000;2.102484;1;0.286909;0.299750;0.000012;0.298512;0.000084;0.880500;0.012819;0.000008;0.000081;1;0.286909;0.299250;0.000037;0.298520;0.000087;0.878715;0.012707;0.000013;0.000081
REGIONAL;SWITCH;0.000000;2;4;0.100000;0.010000;0.200000;0.800000;0.010000;1.000000;1;0.000000;600;0.050000;5.000000;0.500000;2;20;10;0.010000;0.000100;0.000010;0.020000;1;10000;1;600;0.000000;0.000000;0.460065;0.039027;0.458803;0.539935;0.039027;0.214014;0.000029;1.000000;1.000000;19.000000;8.299138;1;0.326909;0.300250;0.000012;0.302092;0.000119;0.665499;0.037185;0.000381;0.000443;1;0.326909;0.312833;0.000477;0.314058;0.000521;0.684082;0.036898;0.000575;0.000602
REGIONAL;SWITCH;0.000000;2;4;0.100000;0.010000;0.200000;0.800000;0.010000;1.000000;1;0.000000;600;0.050000;5.000000;0.500000;2;20;10;0.010000;0.000100;0.000010;0.020000;1;10000;2;600;0.000000;0.000000;0.474460;0.039928;0.464847;0.525540;0.039928;0.165688;0.000050;1.000000;1.000000;23.000000;3.461206;1;0.326909;0.300500;0.000025;0.302525;0.000140;0.667166;0.038493;0.000381;0.000443;1;0.326909;0.320083;0.000601;0.321042;0.000627;0.691164;0.034602;0.000575;0.000602
REGIONAL;SWITCH;0.000000;2;4;0.100000;0.010000;0.200000;0.800000;0.010000;1.000000;1;0.000000;600;0.050000;5.000000;0.500000;2;20;10;0.010000;0.000100;0.000010;0.020000;1;10000;3;600;0.000000;0.000000;0.478262;0.038746;0.471152;0.521738;0.038746;0.145101;0.000061;1.000000;1.000000;17.000000;2.358027;1;0.326909;0.332417;0.000570;0.332479;0.000604;0.704478;0.036262;0.000381;0.000443;1;0.326909;0.300250;0.000012;0.301915;0.000111;0.662340;0.034432;0.000575;0.000602
REGIONAL;SWITCH;0.000000;2;4;0.100000;0.010000;0.200000;0.800000;0.010000;1.000000;1;0.000000;600;0.050000;5.000000;0.500000;2;20;10;0.010000;0.000100;0.000010;0.020000;1;10000;4;600;0.000000;0.000000;0.488751;0.037379;0.487171;0.511249;0.037379;0.089507;0.000016;1.000000;1.000000;14.000000;1.486903;1;0.326909;0.304333;0.000198;0.306521;0.000278;0.680511;0.037628;0.000381;0.000443;1;0.326909;0.338500;0.000443;0.337491;0.000488;0.712939;0.031332;0.000575;0.000602
